{
  "id": "1719405",
  "name": "font",
  "font_family": "iconfont",
  "css_prefix_text": "icon-",
  "description": "",
  "glyphs": [
    {
      "icon_id": "8106209",
      "name": "bluetooth off",
      "font_class": "bluetoothoff",
      "unicode": "e697",
      "unicode_decimal": 59031
    },
    {
      "icon_id": "8106210",
      "name": "bluetoothon",
      "font_class": "bluetoothon",
      "unicode": "e698",
      "unicode_decimal": 59032
    },
    {
      "icon_id": "8106211",
      "name": "camera",
      "font_class": "camera",
      "unicode": "e699",
      "unicode_decimal": 59033
    },
    {
      "icon_id": "8106214",
      "name": "addto",
      "font_class": "addto",
      "unicode": "e69a",
      "unicode_decimal": 59034
    },
    {
      "icon_id": "8106217",
      "name": "delete",
      "font_class": "delete",
      "unicode": "e69b",
      "unicode_decimal": 59035
    },
    {
      "icon_id": "8106221",
      "name": "settings",
      "font_class": "settings",
      "unicode": "e69c",
      "unicode_decimal": 59036
    },
    {
      "icon_id": "8106223",
      "name": "cancel",
      "font_class": "cancel",
      "unicode": "e69d",
      "unicode_decimal": 59037
    },
    {
      "icon_id": "8106224",
      "name": "down",
      "font_class": "down",
      "unicode": "e69e",
      "unicode_decimal": 59038
    },
    {
      "icon_id": "8106229",
      "name": "loop",
      "font_class": "loop",
      "unicode": "e69f",
      "unicode_decimal": 59039
    },
    {
      "icon_id": "8106230",
      "name": "nextsong",
      "font_class": "nextsong",
      "unicode": "e6a0",
      "unicode_decimal": 59040
    },
    {
      "icon_id": "8106231",
      "name": "bottom",
      "font_class": "bottom",
      "unicode": "e6a1",
      "unicode_decimal": 59041
    },
    {
      "icon_id": "8106235",
      "name": "prevent",
      "font_class": "prevent",
      "unicode": "e6a2",
      "unicode_decimal": 59042
    },
    {
      "icon_id": "8106237",
      "name": "play",
      "font_class": "play",
      "unicode": "e6a3",
      "unicode_decimal": 59043
    },
    {
      "icon_id": "8106239",
      "name": "privac_open",
      "font_class": "privac_open",
      "unicode": "e6a4",
      "unicode_decimal": 59044
    },
    {
      "icon_id": "8106245",
      "name": "close",
      "font_class": "close",
      "unicode": "e6a5",
      "unicode_decimal": 59045
    },
    {
      "icon_id": "8106251",
      "name": "increase",
      "font_class": "increase",
      "unicode": "e6a6",
      "unicode_decimal": 59046
    },
    {
      "icon_id": "8106260",
      "name": "upward",
      "font_class": "upward",
      "unicode": "e6a7",
      "unicode_decimal": 59047
    },
    {
      "icon_id": "8106272",
      "name": "next",
      "font_class": "next",
      "unicode": "e6a8",
      "unicode_decimal": 59048
    },
    {
      "icon_id": "8106278",
      "name": "th_internet",
      "font_class": "th_internet",
      "unicode": "e6a9",
      "unicode_decimal": 59049
    },
    {
      "icon_id": "8106280",
      "name": "withdraw",
      "font_class": "withdraw",
      "unicode": "e6aa",
      "unicode_decimal": 59050
    },
    {
      "icon_id": "10670577",
      "name": "address",
      "font_class": "address",
      "unicode": "e6ab",
      "unicode_decimal": 59051
    },
    {
      "icon_id": "10678405",
      "name": "cancel white",
      "font_class": "cancelwhite",
      "unicode": "e6db",
      "unicode_decimal": 59099
    },
    {
      "icon_id": "10678407",
      "name": "close",
      "font_class": "close1",
      "unicode": "e6dc",
      "unicode_decimal": 59100
    },
    {
      "icon_id": "10678408",
      "name": "clock",
      "font_class": "clock",
      "unicode": "e6dd",
      "unicode_decimal": 59101
    },
    {
      "icon_id": "10678421",
      "name": "marks",
      "font_class": "marks",
      "unicode": "e6df",
      "unicode_decimal": 59103
    },
    {
      "icon_id": "10678433",
      "name": "mute mode",
      "font_class": "mutemode",
      "unicode": "e6e1",
      "unicode_decimal": 59105
    },
    {
      "icon_id": "10678434",
      "name": "search",
      "font_class": "search",
      "unicode": "e6e2",
      "unicode_decimal": 59106
    },
    {
      "icon_id": "10678452",
      "name": "to go",
      "font_class": "togo",
      "unicode": "e6e3",
      "unicode_decimal": 59107
    },
    {
      "icon_id": "12865654",
      "name": "birthday",
      "font_class": "birthday",
      "unicode": "e6e6",
      "unicode_decimal": 59110
    },
    {
      "icon_id": "12865656",
      "name": "custom",
      "font_class": "custom",
      "unicode": "e6e7",
      "unicode_decimal": 59111
    },
    {
      "icon_id": "12865671",
      "name": "feeding",
      "font_class": "feeding",
      "unicode": "e6e9",
      "unicode_decimal": 59113
    },
    {
      "icon_id": "12865672",
      "name": "like",
      "font_class": "like",
      "unicode": "e6eb",
      "unicode_decimal": 59115
    },
    {
      "icon_id": "12865673",
      "name": "mark",
      "font_class": "mark",
      "unicode": "e6ec",
      "unicode_decimal": 59116
    }
  ]
}
